product,amount
Product_4,1234.8600000000001
Product_1,599.97
Product_2,419.96000000000004
Product_5,269.94
Product_3,29.97
